[{"county":"Baringo"},{"county":"Bomet"},{"county":"Bungoma"},{"county":"Busia"},{"county":"Elgeyo Marakwet"},{"county":"Embu"},{"county":"Garissa"},{"county":"Homa Bay"},{"county":"Isiolo"},{"county":"Kajiado"},{"county":"Kakamega"},{"county":"Kericho"},{"county":"Kiambu"},{"county":"Kilifi"},{"county":"Kirinyaga"},{"county":"Kisii"},{"county":"Kisumu"},{"county":"Kitui"},{"county":"Kwale"},{"county":"Laikipia"},{"county":"Lamu"},{"county":"Machakos"},{"county":"Makueni"},{"county":"Mandera"},{"county":"Marsabit"},{"county":"Meru"},{"county":"Migori"},{"county":"Mombasa"},{"county":"Nairobi"},{"county":"Nakuru"},{"county":"Nandi"},{"county":"Narok"},{"county":"Nyamira"},{"county":"Nyandarua"},{"county":"Nyeri"},{"county":"Samburu"},{"county":"Siaya"},{"county":"Taita Taveta"},{"county":"Tharaka Nithi"},{"county":"Trans Nzoia"},{"county":"Turkana"},{"county":"Uasin Gishu"},{"county":"Vihiga"},{"county":"Wajir"},{"county":"West Pokot"},{"county":"Murang'a"},{"county":"Tana River"}]