[{"district":"Makueni"},{"district":"Marsabit"},{"district":"Mbeere"},{"district":"Moyale"},{"district":"Mwingi"},{"district":"North Meru"},{"district":"South Meru"},{"district":"Tharaka"},{"district":"Garissa"},{"district":"Mandera"},{"district":"Wajir"},{"district":"Nairobi"},{"district":"Bondo"},{"district":"Gucha"},{"district":"Homa Bay"},{"district":"Kisii Central"},{"district":"Kisii North"},{"district":"Kisumu"},{"district":"Kuria"},{"district":"Migori"},{"district":"Nyando"},{"district":"Rachuonyo"},{"district":"Siaya"},{"district":"Suba"},{"district":"Baringo"},{"district":"Bomet"},{"district":"Buret"},{"district":"Kajiado"},{"district":"Keiyo"},{"district":"Kericho"},{"district":"Koibatek"},{"district":"Laikipia"},{"district":"Marakwet"},{"district":"Nakuru"},{"district":"Nandi"},{"district":"Narok"},{"district":"Samburu"},{"district":"Trans Mara"},{"district":"Trans-Nzoia"},{"district":"Turkana"},{"district":"Uasin Gishu"},{"district":"West Pokot"},{"district":"Bungoma"},{"district":"Busia "},{"district":"Butere\/Mumias"},{"district":"Kakamega"},{"district":"Lugari\/Malaba"},{"district":"Mount Elgon"},{"district":"Teso"},{"district":"Vihiga"},{"district":"Transmara"},{"district":"Kiambu"},{"district":"Kirinyaga North"},{"district":"Nyeri Central"},{"district":"Voi"},{"district":"Wajir North"},{"district":"Malindi"},{"district":"Wajir West"},{"district":"Rachuonyo South"},{"district":"Kisumu East"},{"district":"Nzaui"},{"district":"Magarini"},{"district":"Westlands"},{"district":"Wajir East"},{"district":"Kamukunji"},{"district":"Lagdera"},{"district":"Kinangop"},{"district":"Kirinyaga Central"},{"district":"Mutomo "},{"district":"Kirinyaga South"},{"district":"Meru South"},{"district":"Baringo North"},{"district":"Kajiado North"},{"district":"Igembe South"},{"district":"Mbita"},{"district":"Gem"},{"district":"Likoni"},{"district":"Trans Mara East"},{"district":"Teso North"},{"district":"Kuria West"},{"district":"Samburu Central"},{"district":"Mvita"},{"district":"Changamwe"},{"district":"Turkana North"},{"district":"North Pokot"},{"district":"Mandera East"},{"district":"Kisauni"},{"district":"Nyamira"},{"district":"East Pokot"},{"district":"Ugenya"},{"district":"Kieni East"},{"district":"Loitoktok"},{"district":"Ndhiwa"},{"district":"Tigania East"},{"district":"Fafi"},{"district":"Eldoret West"},{"district":"Kwanza"},{"district":"Nyakach"},{"district":"Nyatike"},{"district":"Mathira East"},{"district":"Ruiru"},{"district":"Samburu East "},{"district":"Limuru"},{"district":"Wajir South"},{"district":"Embu West"},{"district":"Molo"},{"district":"Kisumu West"},{"district":"Laikipia North"},{"district":"Pokot Central"},{"district":"Sotik"},{"district":"Marakwet West"},{"district":"Embakasi"},{"district":"Samburu North "},{"district":"Thika West"},{"district":"Msambweni"},{"district":"Subukia"},{"district":"Makadara"},{"district":"Lugari"},{"district":"North Horr"},{"district":"Ganze"},{"district":"Lamu West"},{"district":"Baringo Central"},{"district":"Kipkelion"},{"district":"Isiolo"},{"district":"Laikipia East"},{"district":"Trans Nzoia West"},{"district":"Kirinyaga West"},{"district":"Naivasha"},{"district":"Wareng"},{"district":"Keiyo South"},{"district":"Nandi North"},{"district":"Machakos"},{"district":"Kajiado Central"},{"district":"Kisii South"},{"district":"Kimilili Bungoma"},{"district":"Mandera Central"},{"district":"Konoin"},{"district":"Hamisi"},{"district":"Kandara"},{"district":"Samia"},{"district":"Kakamega Central (Lurambi)"},{"district":"Kakamega South (Ikolomani)"},{"district":"Nambale"},{"district":"Butere"},{"district":"Bureti"},{"district":"Bungoma West"},{"district":"Butula"},{"district":"Imenti North"},{"district":"Bura"},{"district":"Kaloleni"},{"district":"Uriri"},{"district":"Wundanyi"},{"district":"Taveta"},{"district":"Sabatia"},{"district":"Dagoretti"},{"district":"Muhoroni"},{"district":"Masaba South"},{"district":"Belgut"},{"district":"Mogotio"},{"district":"Nandi Central"},{"district":"Nandi East"},{"district":"MtElgon"},{"district":"Nandi South"},{"district":"Narok South"},{"district":"Marakwet East"},{"district":"Kuresoi"},{"district":"Eldoret East"},{"district":"Chepalungu"},{"district":"Trans Nzoia East"},{"district":"Imenti South"},{"district":"Langata"},{"district":"Kasarani"},{"district":"Meru Central"},{"district":"Kathiani"},{"district":"Bungoma South"},{"district":"Kabete"},{"district":"Lari"},{"district":"Mwingi East"},{"district":"Masinga"},{"district":"Galole"},{"district":"Tinderet"},{"district":"Kibwezi"},{"district":"Bahari"},{"district":"Embu East"},{"district":"Mumias"},{"district":"Garbatula"},{"district":"Turkana South"},{"district":"Maara"},{"district":"Bungoma East"},{"district":"Emuhaya"},{"district":"Narok North"},{"district":"Khwisero"},{"district":"Kitui Central"},{"district":"Borabu"},{"district":"Mwingi Central"},{"district":"Kiharu"},{"district":"Manga"},{"district":"Ijara"},{"district":"Mbeere South"},{"district":"Mathioya"},{"district":"Gatundu North"},{"district":"Nyeri South"},{"district":"Gatanga"},{"district":"Kipipiri"},{"district":"Githunguri"},{"district":"Kigumo"},{"district":"Njoro"},{"district":"Mbeere North"},{"district":"Kuria East"},{"district":"Mandera West"},{"district":"Turkana Central"},{"district":"Nyandarua North"},{"district":"Kangundo"},{"district":"Rongai"},{"district":"Muranga South"},{"district":"Kakamega East (Shinyalu)"},{"district":"Mwingi West"},{"district":"Kitui West"},{"district":"Marsabit South"},{"district":"Rarieda"},{"district":"Isinya"},{"district":"Rongo"},{"district":"Bumula"},{"district":"Laikipia West"},{"district":"Kinango"},{"district":"Tharaka North"},{"district":"Kyuso"},{"district":"Gatundu"},{"district":"Embu North"},{"district":"Mbooni West"},{"district":"Yatta"},{"district":"Tana Delta"},{"district":"Mwala"},{"district":"Kakamega North (Malava)"},{"district":"Matungu"},{"district":"Tigania West"},{"district":"Mwatate"},{"district":"Matuga"},{"district":"Thika East"},{"district":"Lamu East"},{"district":"South Gucha"},{"district":"Bunyala"},{"district":"Laikipia Central"},{"district":"Athi River"},{"district":"Awendo"},{"district":"Balambala"},{"district":"Banisa"},{"district":"Buna"},{"district":"Bungoma Central"},{"district":"Bungoma North"},{"district":"Buuri"},{"district":"Cheptais"},{"district":"Dadaab"},{"district":"Eldas"},{"district":"Gilgil"},{"district":"Habaswein"},{"district":"Hulugho"},{"district":"Igembe North"},{"district":"Ikutha"},{"district":"Kahuro"},{"district":"Kathonzweni"},{"district":"Katulani"},{"district":"Kenyenya"},{"district":"Kieni West"},{"district":"Kikuyu"},{"district":"Kilungu"},{"district":"Kirinyaga East"},{"district":"Kisasi"},{"district":"Lafey"},{"district":"Likuyani"},{"district":"Loima"},{"district":"Londiani"},{"district":"Lower Yatta"},{"district":"Loyangalani"},{"district":"Makindu"},{"district":"Mandera North"},{"district":"Marani"},{"district":"Marigat"},{"district":"Marsabit North"},{"district":"Mashuru"},{"district":"Matete"},{"district":"Mathira West"},{"district":"Matinyani"},{"district":"Matungulu"},{"district":"Mbooni East"},{"district":"Merti"},{"district":"Mirangine"},{"district":"Mt Elgon"},{"district":"Mukaa"},{"district":"Mukurweini"},{"district":"Mumoni"},{"district":"Muranga West"},{"district":"Mutitu"},{"district":"Nakuru North"},{"district":"Njiru"},{"district":"North Masaba"},{"district":"Nyahururu"},{"district":"Nyamache"},{"district":"Nyamira North"},{"district":"Nyandarua Central"},{"district":"Nyandarua South"},{"district":"Nyandarua West"},{"district":"Nzambani"},{"district":"Pokot South"},{"district":"Rabai"},{"district":"Rachuonyo North"},{"district":"Sameta"},{"district":"Sololo"},{"district":"Starehe"},{"district":"Tarbaj"},{"district":"Teso South"},{"district":"Tetu"},{"district":"Tharaka South"},{"district":"Trans Mara West - Dikirr"},{"district":"Tseikuru"},{"district":"Turkana East"},{"district":"Turkana West"},{"district":"Ugunja"}]